Time Unit,Vervet Population,Predator Population
1,198,3
2,198,3
3,197,3
4,197,3
5,197,3
6,196,3
7,196,3
8,196,3
9,196,3
10,196,3
11,196,3
12,196,3
13,196,3
14,196,3
15,195,3
16,194,3
17,194,3
18,194,3
19,194,3
20,194,3
21,194,3
22,194,3
23,194,3
24,194,3
25,194,3
26,194,3
27,193,3
28,193,3
29,193,3
30,193,3
31,189,3
32,189,3
33,189,3
34,188,3
35,188,3
36,188,3
37,188,3
38,188,3
39,187,3
40,187,3
41,187,3
42,187,3
43,187,3
44,187,3
45,187,3
46,187,3
47,187,3
48,187,3
49,185,3
50,185,3
51,185,3
52,185,3
53,185,3
54,185,3
55,184,3
56,184,3
57,184,3
58,184,3
59,184,3
60,184,3
61,178,3
62,177,3
63,177,3
64,177,3
65,177,3
66,177,3
67,177,3
68,177,3
69,177,3
70,177,3
71,177,3
72,177,3
73,176,3
74,176,3
75,176,3
76,176,3
77,176,3
78,176,3
79,176,3
80,176,3
81,175,3
82,175,3
83,175,3
84,175,3
85,175,3
86,175,3
87,175,3
88,175,3
89,175,3
90,175,3
91,171,3
92,171,3
93,171,3
94,171,3
95,171,3
96,171,3
97,171,3
98,171,3
99,171,3
100,171,3
101,171,3
102,171,3
103,171,3
104,171,3
105,171,3
106,171,3
107,171,3
108,171,3
109,171,3
110,170,3
111,170,3
112,170,3
113,170,3
114,170,3
115,170,3
116,170,3
117,170,3
118,170,3
119,170,3
120,170,3
121,166,3
122,166,3
123,166,3
124,166,3
125,166,3
126,166,3
127,166,3
128,166,3
129,166,3
130,166,3
131,166,3
132,166,3
133,166,3
134,166,3
135,166,3
136,166,3
137,166,3
138,166,3
139,166,3
140,166,3
141,166,3
142,166,3
143,166,3
144,166,3
145,166,3
146,166,3
147,166,3
148,166,3
149,166,3
150,166,3
151,166,3
152,166,3
153,166,3
154,166,3
155,166,3
156,166,3
157,166,3
158,166,3
159,166,3
160,166,3
161,166,3
162,166,3
163,166,3
164,166,3
165,165,3
166,165,3
167,165,3
168,165,3
169,165,3
170,165,3
171,165,3
172,165,3
173,165,3
174,165,3
175,165,3
176,165,3
177,165,3
178,165,3
179,165,3
180,165,3
181,165,3
182,165,3
183,165,3
184,165,3
185,165,3
186,165,3
187,165,3
188,165,3
189,165,3
190,165,3
191,165,3
192,165,3
193,165,3
194,165,3
195,165,3
196,165,3
197,165,3
198,165,3
199,165,3
200,165,3
201,165,3
202,165,3
203,165,3
204,165,3
205,165,3
206,165,3
207,165,3
208,165,3
209,165,3
210,165,3
211,165,3
212,165,3
213,165,3
214,165,3
215,165,3
216,165,3
217,165,3
218,165,3
219,165,3
220,165,3
221,165,3
222,165,3
223,165,3
224,165,3
225,165,3
226,165,3
227,165,3
228,165,3
229,165,3
230,165,3
231,165,3
232,165,3
233,165,3
234,165,3
235,165,3
236,165,3
237,165,3
238,165,3
239,165,3
240,165,3
241,165,3
242,165,3
243,165,3
244,165,3
245,165,3
246,165,3
247,165,3
248,165,3
249,165,3
250,165,3
251,165,3
252,165,3
253,165,3
254,165,3
255,165,3
256,165,3
257,165,3
258,165,3
259,165,3
260,165,3
261,165,3
262,165,3
263,165,3
264,165,3
265,165,3
266,165,3
267,165,3
268,165,3
269,165,3
270,165,3
271,165,3
272,165,3
273,165,3
274,165,3
275,165,3
276,165,3
277,165,3
278,165,3
279,165,3
280,165,3
281,165,3
282,165,3
283,165,3
284,165,3
285,165,3
286,165,3
287,165,3
288,165,3
289,165,3
290,165,3
291,165,3
292,165,3
293,165,3
294,165,3
295,165,3
296,165,3
297,165,3
298,165,3
299,165,3
300,165,3
301,165,3
302,165,3
303,165,3
304,165,3
305,165,3
306,165,3
307,165,3
308,165,3
309,165,3
310,165,3
311,165,3
312,165,3
313,165,3
314,165,3
315,165,3
316,165,3
317,165,3
318,165,3
319,165,3
320,165,3
321,165,3
322,165,3
323,165,3
324,165,3
325,165,3
326,165,3
327,165,3
328,165,3
329,165,3
330,165,3
331,165,3
332,165,3
333,165,3
334,165,3
335,165,3
336,165,3
337,165,3
338,165,3
339,165,3
340,164,3
341,164,3
342,164,3
343,164,3
344,164,3
345,164,3
346,164,3
347,164,3
348,164,3
349,164,3
350,164,3
351,164,3
352,164,3
353,164,3
354,164,3
355,164,3
356,164,3
357,164,3
358,164,3
359,164,3
360,164,3
361,164,3
362,164,3
363,164,3
364,164,3
365,164,3
366,164,3
367,164,3
368,164,3
369,164,3
370,164,3
371,164,3
372,164,3
373,164,3
374,164,3
375,164,3
376,164,3
377,164,3
378,164,3
379,164,3
380,164,3
381,164,3
382,164,3
383,164,3
384,164,3
385,164,3
386,164,3
387,164,3
388,164,3
389,164,3
390,164,3
391,164,3
392,164,3
393,164,3
394,164,3
395,164,3
396,164,3
397,164,3
398,164,3
399,164,3
400,164,3
401,164,3
402,164,3
403,164,3
404,164,3
405,164,3
406,164,3
407,164,3
408,164,3
409,164,3
410,164,3
411,164,3
412,164,3
413,164,3
414,164,3
415,164,3
416,164,3
417,164,3
418,164,3
419,164,3
420,164,3
421,164,3
422,164,3
423,164,3
424,164,3
425,164,3
426,164,3
427,164,3
428,164,3
429,164,3
430,164,3
431,164,3
432,164,3
433,164,3
434,164,3
435,164,3
436,164,3
437,164,3
438,164,3
439,164,3
440,164,3
441,164,3
442,164,3
443,164,3
444,164,3
445,164,3
446,164,3
447,164,3
448,164,3
449,164,3
450,164,3
451,164,3
452,164,3
453,164,3
454,164,3
455,164,3
456,164,3
457,164,3
458,164,3
459,164,3
460,164,3
461,164,3
462,164,3
463,164,3
464,164,3
465,164,3
466,164,3
467,164,3
468,164,3
469,164,3
470,164,3
471,164,3
472,164,3
473,164,3
474,164,3
475,164,3
476,164,3
477,164,3
478,164,3
479,164,3
480,164,3
481,164,3
482,164,3
483,164,3
484,164,3
485,164,3
486,164,3
487,164,3
488,164,3
489,164,3
490,164,3
491,164,3
492,164,3
493,164,3
494,164,3
495,164,3
496,164,3
497,164,3
498,164,3
499,164,3
500,164,3
501,164,3
502,164,3
503,164,3
504,164,3
505,164,3
506,164,3
507,164,3
508,164,3
509,164,3
510,164,3
511,164,3
512,164,3
513,164,3
514,164,3
515,164,3
516,164,3
517,164,3
518,164,3
519,164,3
520,164,3
521,164,3
522,164,3
523,164,3
524,164,3
525,164,3
526,164,3
527,164,3
528,164,3
529,164,3
530,164,3
531,164,3
532,164,3
533,164,3
534,164,3
535,164,3
536,164,3
537,164,3
538,164,3
539,164,3
540,164,3
541,164,3
542,164,3
543,164,3
544,164,3
545,164,3
546,164,3
547,164,3
548,164,3
549,164,3
550,164,3
551,164,3
552,164,3
553,164,3
554,164,3
555,164,3
556,164,3
557,164,3
558,164,3
559,164,3
560,164,3
561,164,3
562,164,3
563,164,3
564,164,3
565,164,3
566,164,3
567,164,3
568,164,3
569,164,3
570,164,3
571,164,3
572,164,3
573,164,3
574,164,3
575,164,3
576,164,3
577,164,3
578,164,3
579,164,3
580,164,3
581,164,3
582,164,3
583,164,3
584,164,3
585,164,3
586,164,3
587,164,3
588,164,3
589,164,3
590,164,3
591,164,3
592,164,3
593,164,3
594,164,3
595,164,3
596,164,3
597,164,3
598,164,3
599,164,3
600,164,3
601,164,3
602,164,3
603,164,3
604,164,3
605,164,3
606,164,3
607,164,3
608,164,3
609,164,3
610,164,3
611,164,3
612,164,3
613,164,3
614,164,3
615,164,3
616,164,3
617,164,3
618,164,3
619,164,3
620,164,3
621,164,3
622,164,3
623,164,3
624,164,3
625,164,3
626,164,3
627,164,3
628,164,3
629,164,3
630,164,3
631,164,3
632,164,3
633,164,3
634,164,3
635,164,3
636,164,3
637,164,3
638,164,3
639,164,3
640,164,3
641,164,3
642,164,3
643,164,3
644,164,3
645,164,3
646,164,3
647,164,3
648,164,3
649,164,3
650,164,3
651,164,3
652,164,3
653,164,3
654,164,3
655,164,3
656,164,3
657,164,3
658,164,3
659,164,3
660,164,3
661,164,3
662,164,3
663,164,3
664,164,3
665,164,3
666,164,3
667,164,3
668,164,3
669,164,3
670,164,3
671,164,3
672,164,3
673,164,3
674,164,3
675,164,3
676,164,3
677,164,3
678,164,3
679,164,3
680,164,3
681,164,3
682,164,3
683,164,3
684,164,3
685,164,3
686,164,3
687,164,3
688,164,3
689,164,3
690,164,3
691,164,3
692,164,3
693,164,3
694,164,3
695,164,3
696,164,3
697,164,3
698,164,3
699,164,3
700,164,3
701,164,3
702,164,3
703,164,3
704,164,3
705,164,3
706,164,3
707,164,3
708,164,3
709,164,3
710,164,3
711,164,3
712,164,3
713,164,3
714,164,3
715,164,3
716,164,3
717,164,3
718,164,3
719,164,3
720,164,3
721,164,3
722,164,3
723,164,3
724,164,3
725,164,3
726,164,3
727,164,3
728,164,3
729,164,3
730,164,3
731,164,3
732,164,3
733,164,3
734,164,3
735,164,3
736,164,3
737,164,3
738,164,3
739,164,3
740,164,3
741,164,3
742,164,3
743,164,3
744,164,3
745,164,3
746,164,3
747,163,3
748,163,3
749,163,3
750,163,3
751,163,3
752,163,3
753,163,3
754,163,3
755,163,3
756,163,3
757,163,3
758,163,3
759,163,3
760,163,3
761,163,3
762,163,3
763,163,3
764,163,3
765,163,3
766,163,3
767,163,3
768,163,3
769,163,3
770,162,3
771,162,3
772,162,3
773,162,3
774,162,3
775,162,3
776,162,3
777,162,3
778,162,3
779,162,3
780,162,3
781,162,3
782,162,3
783,162,3
784,162,3
785,162,3
786,162,3
787,162,3
788,162,3
789,162,3
790,162,3
791,162,3
792,162,3
793,162,3
794,162,3
795,162,3
796,162,3
797,162,3
798,162,3
799,162,3
800,162,3
801,162,3
802,162,3
803,162,3
804,162,3
805,162,3
806,162,3
807,162,3
808,162,3
809,162,3
810,162,3
811,162,3
812,162,3
813,162,3
814,162,3
815,162,3
816,162,3
817,162,3
818,162,3
819,162,3
820,162,3
821,162,3
822,162,3
823,162,3
824,162,3
825,162,3
826,162,3
827,162,3
828,162,3
829,162,3
830,162,3
831,162,3
832,162,3
833,162,3
834,162,3
835,162,3
836,162,3
837,162,3
838,162,3
839,162,3
840,162,3
841,162,3
842,162,3
843,162,3
844,162,3
845,162,3
846,162,3
847,162,3
848,162,3
849,162,3
850,162,3
851,162,3
852,162,3
853,162,3
854,162,3
855,162,3
856,162,3
857,162,3
858,162,3
859,162,3
860,162,3
861,162,3
862,162,3
863,162,3
864,162,3
865,162,3
866,162,3
867,162,3
868,162,3
869,162,3
870,162,3
871,162,3
872,162,3
873,162,3
874,162,3
875,162,3
876,162,3
877,162,3
878,162,3
879,162,3
880,162,3
881,162,3
882,162,3
883,162,3
884,162,3
885,162,3
886,162,3
887,162,3
888,162,3
889,162,3
890,162,3
891,162,3
892,162,3
893,162,3
894,162,3
895,162,3
896,162,3
897,162,3
898,162,3
899,162,3
900,162,3
901,161,3
902,161,3
903,161,3
904,161,3
905,161,3
906,161,3
907,161,3
908,161,3
909,161,3
910,161,3
911,161,3
912,161,3
913,161,3
914,161,3
915,161,3
916,161,3
917,161,3
918,161,3
919,161,3
920,161,3
921,161,3
922,161,3
923,161,3
924,161,3
925,161,3
926,161,3
927,161,3
928,161,3
929,161,3
930,161,3
931,161,3
932,161,3
933,161,3
934,161,3
935,161,3
936,161,3
937,161,3
938,161,3
939,161,3
940,161,3
941,160,3
942,160,3
943,160,3
944,160,3
945,160,3
946,160,3
947,160,3
948,160,3
949,160,3
950,160,3
951,160,3
952,160,3
953,160,3
954,160,3
955,160,3
956,160,3
957,160,3
958,160,3
959,160,3
960,160,3
961,160,3
962,160,3
963,160,3
964,160,3
965,160,3
966,160,3
967,160,3
968,160,3
969,160,3
970,160,3
971,160,3
972,160,3
973,160,3
974,160,3
975,160,3
976,160,3
977,160,3
978,160,3
979,160,3
980,160,3
981,160,3
982,160,3
983,160,3
984,160,3
985,160,3
986,160,3
987,160,3
988,160,3
989,160,3
990,160,3
991,160,3
992,160,3
993,160,3
994,160,3
995,160,3
996,160,3
997,160,3
998,160,3
999,160,3
1000,239,6
1001,238,6
1002,238,6
1003,238,6
1004,238,6
1005,238,6
1006,238,6
1007,238,6
1008,238,6
1009,238,6
1010,237,6
1011,237,6
1012,237,6
1013,237,6
1014,237,6
1015,237,6
1016,237,6
1017,237,6
1018,237,6
1019,237,6
1020,237,6
1021,232,6
1022,231,6
1023,231,6
1024,231,6
1025,231,6
1026,231,6
1027,231,6
1028,231,6
1029,231,6
1030,231,6
1031,231,6
1032,231,6
1033,231,6
1034,231,6
1035,231,6
1036,231,6
1037,231,6
1038,231,6
1039,231,6
1040,231,6
1041,231,6
1042,231,6
1043,230,6
1044,230,6
1045,230,6
1046,230,6
1047,230,6
1048,230,6
1049,229,6
1050,229,6
1051,228,6
1052,228,6
1053,228,6
1054,228,6
1055,228,6
1056,228,6
1057,228,6
1058,228,6
1059,228,6
1060,228,6
1061,228,6
1062,228,6
1063,228,6
1064,228,6
1065,228,6
1066,228,6
1067,228,6
1068,228,6
1069,228,6
1070,228,6
1071,228,6
1072,228,6
1073,228,6
1074,228,6
1075,228,6
1076,228,6
1077,228,6
1078,228,6
1079,228,6
1080,228,6
1081,228,6
1082,228,6
1083,228,6
1084,228,6
1085,228,6
1086,228,6
1087,227,6
1088,227,6
1089,227,6
1090,227,6
1091,227,6
1092,227,6
1093,227,6
1094,227,6
1095,227,6
1096,227,6
1097,227,6
1098,227,6
1099,227,6
1100,227,6
1101,227,6
1102,227,6
1103,227,6
1104,227,6
1105,227,6
1106,227,6
1107,227,6
1108,227,6
1109,227,6
1110,227,6
1111,224,6
1112,224,6
1113,224,6
1114,223,6
1115,223,6
1116,223,6
1117,223,6
1118,223,6
1119,223,6
1120,223,6
1121,223,6
1122,223,6
1123,223,6
1124,223,6
1125,223,6
1126,223,6
1127,223,6
1128,223,6
1129,223,6
1130,223,6
1131,223,6
1132,223,6
1133,223,6
1134,222,6
1135,222,6
1136,222,6
1137,222,6
1138,222,6
1139,222,6
1140,222,6
1141,222,6
1142,222,6
1143,222,6
1144,222,6
1145,222,6
1146,222,6
1147,222,6
1148,222,6
1149,222,6
1150,222,6
1151,222,6
1152,222,6
1153,222,6
1154,222,6
1155,222,6
1156,222,6
1157,222,6
1158,222,6
1159,222,6
1160,222,6
1161,222,6
1162,222,6
1163,222,6
1164,222,6
1165,222,6
1166,222,6
1167,222,6
1168,222,6
1169,222,6
1170,222,6
1171,221,6
1172,221,6
1173,221,6
1174,221,6
1175,221,6
1176,221,6
1177,221,6
1178,221,6
1179,221,6
1180,221,6
1181,221,6
1182,221,6
1183,221,6
1184,221,6
1185,221,6
1186,221,6
1187,221,6
1188,221,6
1189,221,6
1190,221,6
1191,221,6
1192,221,6
1193,221,6
1194,221,6
1195,221,6
1196,221,6
1197,221,6
1198,221,6
1199,221,6
1200,221,6
1201,221,6
1202,221,6
1203,221,6
1204,221,6
1205,221,6
1206,221,6
1207,221,6
1208,221,6
1209,221,6
1210,221,6
1211,221,6
1212,221,6
1213,221,6
1214,221,6
1215,221,6
1216,221,6
1217,221,6
1218,221,6
1219,221,6
1220,221,6
1221,221,6
1222,221,6
1223,221,6
1224,221,6
1225,221,6
1226,221,6
1227,221,6
1228,221,6
1229,221,6
1230,221,6
1231,221,6
1232,221,6
1233,221,6
1234,221,6
1235,221,6
1236,221,6
1237,221,6
1238,221,6
1239,221,6
1240,221,6
1241,221,6
1242,221,6
1243,221,6
1244,221,6
1245,221,6
1246,221,6
1247,221,6
1248,221,6
1249,221,6
1250,221,6
1251,221,6
1252,221,6
1253,221,6
1254,221,6
1255,221,6
1256,221,6
1257,221,6
1258,221,6
1259,221,6
1260,221,6
1261,221,6
1262,221,6
1263,221,6
1264,221,6
1265,221,6
1266,221,6
1267,221,6
1268,221,6
1269,221,6
1270,221,6
1271,221,6
1272,221,6
1273,221,6
1274,221,6
1275,221,6
1276,221,6
1277,221,6
1278,221,6
1279,221,6
1280,221,6
1281,221,6
1282,221,6
1283,221,6
1284,221,6
1285,221,6
1286,221,6
1287,221,6
1288,221,6
1289,220,6
1290,220,6
1291,219,6
1292,219,6
1293,219,6
1294,219,6
1295,219,6
1296,219,6
1297,219,6
1298,219,6
1299,219,6
1300,219,6
1301,219,6
1302,219,6
1303,219,6
1304,219,6
1305,219,6
1306,219,6
1307,219,6
1308,219,6
1309,219,6
1310,219,6
1311,218,6
1312,218,6
1313,218,6
1314,218,6
1315,218,6
1316,218,6
1317,218,6
1318,218,6
1319,218,6
1320,218,6
1321,218,6
1322,218,6
1323,218,6
1324,218,6
1325,218,6
1326,218,6
1327,218,6
1328,218,6
1329,218,6
1330,218,6
1331,218,6
1332,218,6
1333,218,6
1334,218,6
1335,218,6
1336,218,6
1337,218,6
1338,218,6
1339,218,6
1340,218,6
1341,218,6
1342,218,6
1343,218,6
1344,218,6
1345,218,6
1346,218,6
1347,218,6
1348,218,6
1349,218,6
1350,218,6
1351,218,6
1352,218,6
1353,218,6
1354,218,6
1355,218,6
1356,218,6
1357,218,6
1358,218,6
1359,218,6
1360,218,6
1361,218,6
1362,218,6
1363,218,6
1364,218,6
1365,218,6
1366,218,6
1367,218,6
1368,218,6
1369,218,6
1370,218,6
1371,218,6
1372,218,6
1373,218,6
1374,218,6
1375,218,6
1376,218,6
1377,218,6
1378,218,6
1379,218,6
1380,218,6
1381,217,6
1382,217,6
1383,217,6
1384,217,6
1385,217,6
1386,217,6
1387,217,6
1388,217,6
1389,217,6
1390,217,6
1391,217,6
1392,217,6
1393,217,6
1394,217,6
1395,217,6
1396,217,6
1397,217,6
1398,217,6
1399,216,6
1400,216,6
1401,216,6
1402,216,6
1403,216,6
1404,216,6
1405,216,6
1406,216,6
1407,216,6
1408,216,6
1409,216,6
1410,216,6
1411,216,6
1412,216,6
1413,216,6
1414,216,6
1415,216,6
1416,216,6
1417,216,6
1418,216,6
1419,216,6
1420,216,6
1421,216,6
1422,216,6
1423,216,6
1424,216,6
1425,216,6
1426,216,6
1427,216,6
1428,216,6
1429,216,6
1430,216,6
1431,216,6
1432,216,6
1433,216,6
1434,216,6
1435,216,6
1436,216,6
1437,216,6
1438,216,6
1439,216,6
1440,216,6
1441,216,6
1442,216,6
1443,216,6
1444,216,6
1445,216,6
1446,216,6
1447,216,6
1448,216,6
1449,216,6
1450,216,6
1451,216,6
1452,216,6
1453,216,6
1454,216,6
1455,216,6
1456,216,6
1457,216,6
1458,216,6
1459,216,6
1460,216,6
1461,216,6
1462,216,6
1463,216,6
1464,216,6
1465,216,6
1466,216,6
1467,216,6
1468,216,6
1469,216,6
1470,216,6
1471,216,6
1472,216,6
1473,216,6
1474,216,6
1475,216,6
1476,216,6
1477,216,6
1478,216,6
1479,215,6
1480,215,6
1481,215,6
1482,215,6
1483,215,6
1484,215,6
1485,215,6
1486,215,6
1487,215,6
1488,215,6
1489,215,6
1490,215,6
1491,215,6
1492,215,6
1493,215,6
1494,215,6
1495,215,6
1496,215,6
1497,215,6
1498,215,6
1499,215,6
1500,215,6
1501,215,6
1502,215,6
1503,215,6
1504,215,6
1505,215,6
1506,215,6
1507,215,6
1508,215,6
1509,215,6
1510,215,6
1511,215,6
1512,215,6
1513,215,6
1514,215,6
1515,215,6
1516,215,6
1517,215,6
1518,215,6
1519,215,6
1520,215,6
1521,215,6
1522,215,6
1523,215,6
1524,215,6
1525,215,6
1526,215,6
1527,215,6
1528,215,6
1529,215,6
1530,215,6
1531,214,6
1532,214,6
1533,214,6
1534,214,6
1535,214,6
1536,214,6
1537,214,6
1538,214,6
1539,214,6
1540,214,6
1541,214,6
1542,214,6
1543,214,6
1544,214,6
1545,214,6
1546,214,6
1547,214,6
1548,214,6
1549,214,6
1550,214,6
1551,214,6
1552,214,6
1553,214,6
1554,214,6
1555,214,6
1556,214,6
1557,214,6
1558,214,6
1559,214,6
1560,214,6
1561,214,6
1562,214,6
1563,214,6
1564,214,6
1565,214,6
1566,214,6
1567,214,6
1568,214,6
1569,214,6
1570,214,6
1571,214,6
1572,214,6
1573,214,6
1574,214,6
1575,214,6
1576,214,6
1577,214,6
1578,214,6
1579,214,6
1580,214,6
1581,214,6
1582,214,6
1583,214,6
1584,214,6
1585,214,6
1586,214,6
1587,214,6
1588,214,6
1589,214,6
1590,214,6
1591,213,6
1592,213,6
1593,213,6
1594,213,6
1595,213,6
1596,213,6
1597,213,6
1598,213,6
1599,213,6
1600,213,6
1601,213,6
1602,213,6
1603,213,6
1604,213,6
1605,213,6
1606,213,6
1607,213,6
1608,213,6
1609,213,6
1610,213,6
1611,213,6
1612,213,6
1613,213,6
1614,213,6
1615,213,6
1616,213,6
1617,213,6
1618,213,6
1619,213,6
1620,213,6
1621,213,6
1622,213,6
1623,213,6
1624,213,6
1625,213,6
1626,213,6
1627,213,6
1628,213,6
1629,213,6
1630,213,6
1631,213,6
1632,213,6
1633,213,6
1634,213,6
1635,213,6
1636,213,6
1637,213,6
1638,213,6
1639,213,6
1640,213,6
1641,213,6
1642,213,6
1643,213,6
1644,213,6
1645,213,6
1646,213,6
1647,213,6
1648,213,6
1649,213,6
1650,213,6
1651,211,6
1652,211,6
1653,211,6
1654,211,6
1655,211,6
1656,211,6
1657,211,6
1658,211,6
1659,211,6
1660,211,6
1661,211,6
1662,211,6
1663,211,6
1664,211,6
1665,211,6
1666,211,6
1667,211,6
1668,211,6
1669,211,6
1670,211,6
1671,211,6
1672,211,6
1673,211,6
1674,211,6
1675,211,6
1676,211,6
1677,210,6
1678,210,6
1679,210,6
1680,210,6
1681,208,6
1682,208,6
1683,208,6
1684,208,6
1685,207,6
1686,207,6
1687,207,6
1688,206,6
1689,206,6
1690,206,6
1691,206,6
1692,206,6
1693,206,6
1694,206,6
1695,206,6
1696,206,6
1697,206,6
1698,206,6
1699,206,6
1700,206,6
1701,204,6
1702,204,6
1703,204,6
1704,204,6
1705,204,6
1706,204,6
1707,204,6
1708,204,6
1709,204,6
1710,204,6
1711,199,6
1712,199,6
1713,199,6
1714,199,6
1715,199,6
1716,199,6
1717,199,6
1718,199,6
1719,199,6
1720,199,6
1721,199,6
1722,199,6
1723,199,6
1724,199,6
1725,199,6
1726,199,6
1727,199,6
1728,199,6
1729,199,6
1730,199,6
1731,199,6
1732,199,6
1733,199,6
1734,199,6
1735,199,6
1736,199,6
1737,199,6
1738,199,6
1739,199,6
1740,199,6
1741,199,6
1742,199,6
1743,199,6
1744,199,6
1745,199,6
1746,199,6
1747,199,6
1748,199,6
1749,199,6
1750,199,6
1751,199,6
1752,199,6
1753,199,6
1754,199,6
1755,199,6
1756,199,6
1757,199,6
1758,199,6
1759,199,6
1760,199,6
1761,199,6
1762,199,6
1763,199,6
1764,199,6
1765,199,6
1766,199,6
1767,199,6
1768,199,6
1769,199,6
1770,199,6
1771,198,6
1772,197,6
1773,197,6
1774,197,6
1775,197,6
1776,197,6
1777,197,6
1778,197,6
1779,197,6
1780,197,6
1781,197,6
1782,197,6
1783,197,6
1784,197,6
1785,197,6
1786,197,6
1787,197,6
1788,197,6
1789,197,6
1790,197,6
1791,197,6
1792,197,6
1793,197,6
1794,197,6
1795,197,6
1796,197,6
1797,197,6
1798,197,6
1799,197,6
1800,197,6
1801,197,6
1802,197,6
1803,197,6
1804,197,6
1805,197,6
1806,197,6
1807,197,6
1808,197,6
1809,197,6
1810,197,6
1811,197,6
1812,197,6
1813,197,6
1814,197,6
1815,197,6
1816,197,6
1817,197,6
1818,197,6
1819,197,6
1820,197,6
1821,197,6
1822,197,6
1823,197,6
1824,197,6
1825,197,6
1826,197,6
1827,197,6
1828,197,6
1829,197,6
1830,197,6
1831,197,6
1832,197,6
1833,197,6
1834,197,6
1835,197,6
1836,197,6
1837,197,6
1838,197,6
1839,197,6
1840,197,6
1841,197,6
1842,197,6
1843,197,6
1844,197,6
1845,197,6
1846,197,6
1847,197,6
1848,197,6
1849,197,6
1850,197,6
1851,197,6
1852,197,6
1853,197,6
1854,197,6
1855,197,6
1856,197,6
1857,197,6
1858,197,6
1859,197,6
1860,197,6
1861,197,6
1862,197,6
1863,197,6
1864,197,6
1865,197,6
1866,197,6
1867,197,6
1868,197,6
1869,197,6
1870,197,6
1871,197,6
1872,197,6
1873,197,6
1874,197,6
1875,197,6
1876,197,6
1877,197,6
1878,197,6
1879,197,6
1880,197,6
1881,197,6
1882,197,6
1883,197,6
1884,197,6
1885,197,6
1886,197,6
1887,197,6
1888,197,6
1889,197,6
1890,196,6
1891,196,6
1892,196,6
1893,196,6
1894,196,6
1895,196,6
1896,196,6
1897,196,6
1898,196,6
1899,196,6
1900,196,6
1901,196,6
1902,196,6
1903,196,6
1904,196,6
1905,196,6
1906,196,6
1907,196,6
1908,196,6
1909,196,6
1910,196,6
1911,196,6
1912,196,6
1913,196,6
1914,196,6
1915,196,6
1916,196,6
1917,196,6
1918,196,6
1919,196,6
1920,196,6
1921,196,6
1922,196,6
1923,196,6
1924,196,6
1925,196,6
1926,196,6
1927,196,6
1928,196,6
1929,196,6
1930,196,6
1931,196,6
1932,196,6
1933,196,6
1934,196,6
1935,196,6
1936,196,6
1937,196,6
1938,196,6
1939,196,6
1940,196,6
1941,196,6
1942,196,6
1943,196,6
1944,196,6
1945,196,6
1946,196,6
1947,196,6
1948,196,6
1949,196,6
1950,196,6
1951,196,6
1952,196,6
1953,196,6
1954,196,6
1955,196,6
1956,196,6
1957,196,6
1958,196,6
1959,196,6
1960,196,6
1961,196,6
1962,196,6
1963,196,6
1964,196,6
1965,196,6
1966,196,6
1967,196,6
1968,196,6
1969,196,6
1970,196,6
1971,196,6
1972,196,6
1973,196,6
1974,196,6
1975,196,6
1976,196,6
1977,196,6
1978,196,6
1979,196,6
1980,196,6
1981,196,6
1982,196,6
1983,196,6
1984,196,6
1985,196,6
1986,196,6
1987,196,6
1988,196,6
1989,196,6
1990,196,6
1991,196,6
1992,196,6
1993,196,6
1994,196,6
1995,196,6
1996,196,6
1997,196,6
1998,196,6
1999,196,6
2000,269,11
2001,269,11
2002,269,11
2003,269,11
2004,269,11
2005,269,11
2006,269,11
2007,269,11
2008,269,11
2009,269,11
2010,269,11
2011,266,11
2012,266,11
2013,266,11
2014,266,11
2015,265,11
2016,265,11
2017,265,11
2018,265,11
2019,265,11
2020,265,11
2021,265,11
2022,265,11
2023,265,11
2024,265,11
2025,264,11
2026,264,11
2027,264,11
2028,264,11
2029,264,11
2030,264,11
2031,264,11
2032,264,11
2033,263,11
2034,263,11
2035,263,11
2036,263,11
2037,263,11
2038,263,11
2039,263,11
2040,263,11
2041,261,11
2042,261,11
2043,261,11
2044,261,11
2045,261,11
2046,261,11
2047,261,11
2048,261,11
2049,261,11
2050,261,11
2051,261,11
2052,261,11
2053,261,11
2054,261,11
2055,261,11
2056,261,11
2057,261,11
2058,261,11
2059,261,11
2060,261,11
2061,261,11
2062,261,11
2063,261,11
2064,261,11
2065,261,11
2066,261,11
2067,261,11
2068,260,11
2069,260,11
2070,260,11
2071,258,11
2072,258,11
2073,257,11
2074,256,11
2075,256,11
2076,256,11
2077,256,11
2078,256,11
2079,256,11
2080,256,11
2081,255,11
2082,255,11
2083,255,11
2084,255,11
2085,255,11
2086,255,11
2087,255,11
2088,255,11
2089,255,11
2090,255,11
2091,255,11
2092,255,11
2093,255,11
2094,255,11
2095,255,11
2096,255,11
2097,255,11
2098,255,11
2099,255,11
2100,255,11
2101,254,11
2102,254,11
2103,254,11
2104,254,11
2105,254,11
2106,254,11
2107,254,11
2108,254,11
2109,253,11
2110,252,11
2111,252,11
2112,252,11
2113,252,11
2114,252,11
2115,252,11
2116,252,11
2117,252,11
2118,252,11
2119,252,11
2120,252,11
2121,252,11
2122,252,11
2123,252,11
2124,252,11
2125,252,11
2126,252,11
2127,252,11
2128,252,11
2129,252,11
2130,251,11
2131,249,11
2132,249,11
2133,249,11
2134,249,11
2135,249,11
2136,249,11
2137,249,11
2138,249,11
2139,249,11
2140,249,11
2141,249,11
2142,249,11
2143,249,11
2144,249,11
2145,249,11
2146,248,11
2147,248,11
2148,248,11
2149,248,11
2150,248,11
2151,248,11
2152,248,11
2153,248,11
2154,248,11
2155,248,11
2156,248,11
2157,248,11
2158,248,11
2159,248,11
2160,248,11
2161,246,11
2162,246,11
2163,246,11
2164,246,11
2165,246,11
2166,246,11
2167,246,11
2168,246,11
2169,246,11
2170,246,11
2171,246,11
2172,246,11
2173,246,11
2174,246,11
2175,246,11
2176,246,11
2177,246,11
2178,246,11
2179,246,11
2180,246,11
2181,246,11
2182,246,11
2183,246,11
2184,246,11
2185,246,11
2186,246,11
2187,246,11
2188,246,11
2189,246,11
2190,246,11
2191,244,11
2192,244,11
2193,244,11
2194,244,11
2195,244,11
2196,244,11
2197,244,11
2198,244,11
2199,244,11
2200,244,11
2201,244,11
2202,244,11
2203,244,11
2204,244,11
2205,244,11
2206,244,11
2207,244,11
2208,244,11
2209,244,11
2210,244,11
2211,244,11
2212,244,11
2213,244,11
2214,244,11
2215,244,11
2216,244,11
2217,244,11
2218,244,11
2219,244,11
2220,244,11
2221,243,11
2222,243,11
2223,243,11
2224,243,11
2225,243,11
2226,243,11
2227,243,11
2228,242,11
2229,242,11
2230,242,11
2231,242,11
2232,242,11
2233,242,11
2234,242,11
2235,242,11
2236,242,11
2237,242,11
2238,242,11
2239,242,11
2240,241,11
2241,241,11
2242,241,11
2243,241,11
2244,241,11
2245,241,11
2246,241,11
2247,241,11
2248,241,11
2249,241,11
2250,241,11
2251,240,11
2252,240,11
2253,240,11
2254,240,11
2255,240,11
2256,240,11
2257,240,11
2258,240,11
2259,240,11
2260,240,11
2261,240,11
2262,240,11
2263,240,11
2264,240,11
2265,240,11
2266,240,11
2267,240,11
2268,240,11
2269,240,11
2270,240,11
2271,240,11
2272,240,11
2273,240,11
2274,240,11
2275,240,11
2276,240,11
2277,240,11
2278,240,11
2279,240,11
2280,240,11
2281,239,11
2282,239,11
2283,239,11
2284,239,11
2285,239,11
2286,239,11
2287,239,11
2288,239,11
2289,239,11
2290,239,11
2291,239,11
2292,239,11
2293,239,11
2294,239,11
2295,239,11
2296,239,11
2297,239,11
2298,239,11
2299,239,11
2300,239,11
2301,239,11
2302,239,11
2303,239,11
2304,239,11
2305,239,11
2306,239,11
2307,239,11
2308,239,11
2309,239,11
2310,239,11
2311,237,11
2312,237,11
2313,237,11
2314,236,11
2315,236,11
2316,236,11
2317,236,11
2318,236,11
2319,236,11
2320,236,11
2321,236,11
2322,236,11
2323,236,11
2324,236,11
2325,236,11
2326,236,11
2327,236,11
2328,236,11
2329,236,11
2330,236,11
2331,236,11
2332,236,11
2333,236,11
2334,236,11
2335,235,11
2336,235,11
2337,235,11
2338,235,11
2339,235,11
2340,235,11
2341,235,11
2342,235,11
2343,235,11
2344,235,11
2345,235,11
2346,235,11
2347,235,11
2348,235,11
2349,235,11
2350,235,11
2351,235,11
2352,235,11
2353,235,11
2354,235,11
2355,235,11
2356,235,11
2357,235,11
2358,235,11
2359,235,11
2360,235,11
2361,235,11
2362,235,11
2363,235,11
2364,235,11
2365,235,11
2366,235,11
2367,235,11
2368,235,11
2369,235,11
2370,235,11
2371,234,11
2372,234,11
2373,234,11
2374,234,11
2375,234,11
2376,234,11
2377,234,11
2378,234,11
2379,234,11
2380,234,11
2381,234,11
2382,234,11
2383,234,11
2384,234,11
2385,234,11
2386,234,11
2387,234,11
2388,234,11
2389,234,11
2390,234,11
2391,234,11
2392,234,11
2393,234,11
2394,234,11
2395,234,11
2396,234,11
2397,234,11
2398,234,11
2399,234,11
2400,234,11
2401,231,11
2402,231,11
2403,231,11
2404,231,11
2405,231,11
2406,231,11
2407,231,11
2408,231,11
2409,231,11
2410,231,11
2411,231,11
2412,231,11
2413,231,11
2414,231,11
2415,229,11
2416,229,11
2417,229,11
2418,229,11
2419,229,11
2420,228,11
2421,228,11
2422,228,11
2423,228,11
2424,228,11
2425,228,11
2426,228,11
2427,228,11
2428,228,11
2429,228,11
2430,228,11
2431,227,11
2432,227,11
2433,227,11
2434,227,11
2435,227,11
2436,227,11
2437,227,11
2438,227,11
2439,227,11
2440,227,11
2441,227,11
2442,227,11
2443,227,11
2444,227,11
2445,227,11
2446,227,11
2447,227,11
2448,227,11
2449,227,11
2450,227,11
2451,227,11
2452,227,11
2453,227,11
2454,227,11
2455,227,11
2456,227,11
2457,227,11
2458,227,11
2459,227,11
2460,227,11
2461,225,11
2462,225,11
2463,224,11
2464,224,11
2465,224,11
2466,224,11
2467,224,11
2468,224,11
2469,224,11
2470,224,11
2471,224,11
2472,224,11
2473,224,11
2474,224,11
2475,224,11
2476,224,11
2477,224,11
2478,224,11
2479,224,11
2480,224,11
2481,224,11
2482,224,11
2483,224,11
2484,224,11
2485,224,11
2486,224,11
2487,224,11
2488,224,11
2489,224,11
2490,224,11
2491,224,11
2492,224,11
2493,224,11
2494,224,11
2495,224,11
2496,224,11
2497,224,11
2498,224,11
2499,224,11
2500,224,11
2501,224,11
2502,224,11
2503,224,11
2504,223,11
2505,223,11
2506,223,11
2507,223,11
2508,222,11
2509,222,11
2510,222,11
2511,222,11
2512,222,11
2513,222,11
2514,222,11
2515,222,11
2516,222,11
2517,222,11
2518,222,11
2519,222,11
2520,222,11
2521,219,11
2522,219,11
2523,219,11
2524,219,11
2525,219,11
2526,219,11
2527,219,11
2528,219,11
2529,219,11
2530,219,11
2531,219,11
2532,219,11
2533,219,11
2534,219,11
2535,219,11
2536,219,11
2537,219,11
2538,219,11
2539,218,11
2540,218,11
2541,218,11
2542,218,11
2543,218,11
2544,218,11
2545,218,11
2546,218,11
2547,218,11
2548,218,11
2549,218,11
2550,218,11
2551,218,11
2552,218,11
2553,218,11
2554,218,11
2555,218,11
2556,218,11
2557,218,11
2558,218,11
2559,218,11
2560,218,11
2561,218,11
2562,218,11
2563,218,11
2564,218,11
2565,218,11
2566,218,11
2567,218,11
2568,218,11
2569,218,11
2570,218,11
2571,218,11
2572,218,11
2573,218,11
2574,218,11
2575,218,11
2576,218,11
2577,218,11
2578,218,11
2579,218,11
2580,217,11
2581,216,11
2582,216,11
2583,216,11
2584,216,11
2585,216,11
2586,216,11
2587,216,11
2588,216,11
2589,216,11
2590,216,11
2591,216,11
2592,216,11
2593,216,11
2594,216,11
2595,216,11
2596,216,11
2597,216,11
2598,216,11
2599,216,11
2600,216,11
2601,216,11
2602,216,11
2603,216,11
2604,216,11
2605,216,11
2606,216,11
2607,216,11
2608,216,11
2609,216,11
2610,216,11
2611,216,11
2612,216,11
2613,216,11
2614,216,11
2615,216,11
2616,216,11
2617,216,11
2618,216,11
2619,216,11
2620,216,11
2621,216,11
2622,216,11
2623,216,11
2624,216,11
2625,216,11
2626,216,11
2627,216,11
2628,216,11
2629,216,11
2630,216,11
2631,216,11
2632,216,11
2633,216,11
2634,216,11
2635,216,11
2636,215,11
2637,215,11
2638,215,11
2639,215,11
2640,215,11
2641,215,11
2642,215,11
2643,215,11
2644,215,11
2645,215,11
2646,215,11
2647,215,11
2648,215,11
2649,215,11
2650,215,11
2651,215,11
2652,215,11
2653,215,11
2654,215,11
2655,215,11
2656,215,11
2657,215,11
2658,215,11
2659,215,11
2660,215,11
2661,215,11
2662,215,11
2663,215,11
2664,215,11
2665,215,11
2666,215,11
2667,215,11
2668,215,11
2669,215,11
2670,215,11
2671,215,11
2672,215,11
2673,215,11
2674,215,11
2675,215,11
2676,215,11
2677,215,11
2678,215,11
2679,215,11
2680,215,11
2681,215,11
2682,214,11
2683,214,11
2684,214,11
2685,214,11
2686,214,11
2687,214,11
2688,214,11
2689,214,11
2690,214,11
2691,214,11
2692,214,11
2693,214,11
2694,214,11
2695,214,11
2696,214,11
2697,214,11
2698,214,11
2699,214,11
2700,214,11
2701,214,11
2702,214,11
2703,214,11
2704,214,11
2705,214,11
2706,214,11
2707,214,11
2708,214,11
2709,214,11
2710,214,11
2711,214,11
2712,213,11
2713,213,11
2714,213,11
2715,213,11
2716,213,11
2717,213,11
2718,213,11
2719,213,11
2720,213,11
2721,213,11
2722,213,11
2723,213,11
2724,213,11
2725,213,11
2726,213,11
2727,213,11
2728,213,11
2729,213,11
2730,213,11
2731,213,11
2732,213,11
2733,213,11
2734,213,11
2735,213,11
2736,213,11
2737,213,11
2738,213,11
2739,213,11
2740,213,11
2741,213,11
2742,213,11
2743,213,11
2744,213,11
2745,213,11
2746,213,11
2747,213,11
2748,213,11
2749,213,11
2750,213,11
2751,213,11
2752,213,11
2753,213,11
2754,213,11
2755,213,11
2756,213,11
2757,213,11
2758,213,11
2759,213,11
2760,213,11
2761,213,11
2762,213,11
2763,213,11
2764,213,11
2765,213,11
2766,213,11
2767,213,11
2768,213,11
2769,213,11
2770,213,11
2771,213,11
2772,213,11
2773,213,11
2774,213,11
2775,213,11
2776,213,11
2777,213,11
2778,213,11
2779,213,11
2780,213,11
2781,213,11
2782,213,11
2783,213,11
2784,213,11
2785,213,11
2786,213,11
2787,213,11
2788,213,11
2789,213,11
2790,213,11
2791,213,11
2792,213,11
2793,213,11
2794,213,11
2795,213,11
2796,213,11
2797,213,11
2798,213,11
2799,213,11
2800,213,11
2801,213,11
2802,213,11
2803,213,11
2804,213,11
2805,213,11
2806,213,11
2807,213,11
2808,213,11
2809,213,11
2810,213,11
2811,213,11
2812,213,11
2813,213,11
2814,213,11
2815,213,11
2816,213,11
2817,213,11
2818,213,11
2819,213,11
2820,213,11
2821,213,11
2822,213,11
2823,213,11
2824,213,11
2825,213,11
2826,213,11
2827,213,11
2828,213,11
2829,213,11
2830,213,11
2831,213,11
2832,213,11
2833,213,11
2834,213,11
2835,213,11
2836,213,11
2837,212,11
2838,212,11
2839,212,11
2840,212,11
2841,212,11
2842,212,11
2843,212,11
2844,212,11
2845,212,11
2846,212,11
2847,212,11
2848,212,11
2849,212,11
2850,212,11
2851,212,11
2852,212,11
2853,212,11
2854,212,11
2855,212,11
2856,212,11
2857,212,11
2858,212,11
2859,212,11
2860,212,11
2861,212,11
2862,212,11
2863,212,11
2864,212,11
2865,212,11
2866,212,11
2867,212,11
2868,212,11
2869,212,11
2870,212,11
2871,212,11
2872,212,11
2873,212,11
2874,212,11
2875,212,11
2876,212,11
2877,212,11
2878,212,11
2879,212,11
2880,212,11
2881,212,11
2882,212,11
2883,212,11
2884,212,11
2885,212,11
2886,212,11
2887,212,11
2888,212,11
2889,212,11
2890,212,11
2891,212,11
2892,212,11
2893,212,11
2894,212,11
2895,212,11
2896,212,11
2897,212,11
2898,212,11
2899,212,11
2900,212,11
2901,212,11
2902,212,11
2903,212,11
2904,212,11
2905,212,11
2906,212,11
2907,212,11
2908,212,11
2909,212,11
2910,212,11
2911,212,11
2912,212,11
2913,212,11
2914,212,11
2915,212,11
2916,212,11
2917,212,11
2918,212,11
2919,212,11
2920,212,11
2921,212,11
2922,212,11
2923,212,11
2924,212,11
2925,212,11
2926,212,11
2927,212,11
2928,212,11
2929,212,11
2930,212,11
2931,212,11
2932,212,11
2933,212,11
2934,212,11
2935,212,11
2936,212,11
2937,212,11
2938,212,11
2939,212,11
2940,212,11
2941,212,11
2942,212,11
2943,212,11
2944,212,11
2945,212,11
2946,212,11
2947,212,11
2948,212,11
2949,212,11
2950,212,11
2951,212,11
2952,212,11
2953,212,11
2954,212,11
2955,212,11
2956,212,11
2957,212,11
2958,212,11
2959,212,11
2960,212,11
2961,212,11
2962,212,11
2963,212,11
2964,212,11
2965,212,11
2966,212,11
2967,212,11
2968,212,11
2969,212,11
2970,212,11
2971,212,11
2972,212,11
2973,212,11
2974,212,11
2975,212,11
2976,212,11
2977,212,11
2978,212,11
2979,212,11
2980,212,11
2981,212,11
2982,212,11
2983,212,11
2984,212,11
2985,212,11
2986,212,11
2987,212,11
2988,212,11
2989,212,11
2990,212,11
2991,212,11
2992,212,11
2993,212,11
2994,212,11
2995,212,11
2996,212,11
2997,212,11
2998,212,11
2999,212,11
3000,273,14
3001,273,14
3002,273,14
3003,273,14
3004,273,14
3005,272,14
3006,272,14
3007,272,14
3008,272,14
3009,272,14
3010,272,14
3011,272,14
3012,272,14
3013,271,14
3014,271,14
3015,271,14
3016,270,14
3017,269,14
3018,269,14
3019,269,14
3020,269,14
3021,269,14
3022,269,14
3023,268,14
3024,268,14
3025,268,14
3026,267,14
3027,267,14
3028,267,14
3029,267,14
3030,267,14
3031,263,14
3032,263,14
3033,263,14
3034,263,14
3035,263,14
3036,263,14
3037,263,14
3038,263,14
3039,263,14
3040,263,14
3041,263,14
3042,263,14
3043,263,14
3044,263,14
3045,263,14
3046,262,14
3047,261,14
3048,261,14
3049,261,14
3050,261,14
3051,261,14
3052,261,14
3053,261,14
3054,261,14
3055,261,14
3056,261,14
3057,261,14
3058,260,14
3059,260,14
3060,260,14
3061,258,14
3062,257,14
3063,257,14
3064,257,14
3065,257,14
3066,257,14
3067,257,14
3068,256,14
3069,256,14
3070,256,14
3071,256,14
3072,256,14
3073,256,14
3074,256,14
3075,256,14
3076,256,14
3077,256,14
3078,256,14
3079,256,14
3080,256,14
3081,256,14
3082,256,14
3083,256,14
3084,256,14
3085,256,14
3086,256,14
3087,256,14
3088,256,14
3089,256,14
3090,256,14
3091,255,14
3092,255,14
3093,255,14
3094,255,14
3095,255,14
3096,255,14
3097,255,14
3098,255,14
3099,255,14
3100,255,14
3101,255,14
3102,255,14
3103,255,14
3104,255,14
3105,255,14
3106,255,14
3107,255,14
3108,255,14
3109,255,14
3110,255,14
3111,255,14
3112,254,14
3113,254,14
3114,254,14
3115,254,14
3116,254,14
3117,254,14
3118,254,14
3119,254,14
3120,254,14
3121,251,14
3122,251,14
3123,251,14
3124,251,14
3125,251,14
3126,250,14
3127,250,14
3128,250,14
3129,250,14
3130,250,14
3131,250,14
3132,250,14
3133,250,14
3134,250,14
3135,250,14
3136,250,14
3137,250,14
3138,250,14
3139,250,14
3140,250,14
3141,250,14
3142,250,14
3143,250,14
3144,250,14
3145,250,14
3146,250,14
3147,250,14
3148,250,14
3149,250,14
3150,250,14
3151,247,14
3152,247,14
3153,247,14
3154,247,14
3155,247,14
3156,247,14
3157,247,14
3158,247,14
3159,247,14
3160,247,14
3161,247,14
3162,247,14
3163,247,14
3164,247,14
3165,247,14
3166,247,14
3167,247,14
3168,247,14
3169,247,14
3170,247,14
3171,247,14
3172,247,14
3173,247,14
3174,247,14
3175,247,14
3176,247,14
3177,247,14
3178,247,14
3179,247,14
3180,247,14
3181,246,14
3182,246,14
3183,246,14
3184,246,14
3185,246,14
3186,246,14
3187,246,14
3188,246,14
3189,246,14
3190,246,14
3191,246,14
3192,246,14
3193,246,14
3194,246,14
3195,246,14
3196,246,14
3197,246,14
3198,246,14
3199,246,14
3200,246,14
3201,246,14
3202,246,14
3203,246,14
3204,246,14
3205,246,14
3206,246,14
3207,246,14
3208,246,14
3209,246,14
3210,246,14
3211,241,14
3212,241,14
3213,241,14
3214,241,14
3215,241,14
3216,241,14
3217,241,14
3218,241,14
3219,241,14
3220,241,14
3221,241,14
3222,241,14
3223,241,14
3224,241,14
3225,241,14
3226,240,14
3227,240,14
3228,240,14
3229,240,14
3230,240,14
3231,240,14
3232,240,14
3233,240,14
3234,240,14
3235,240,14
3236,240,14
3237,240,14
3238,240,14
3239,240,14
3240,240,14
3241,237,14
3242,237,14
3243,237,14
3244,237,14
3245,237,14
3246,237,14
3247,237,14
3248,237,14
3249,237,14
3250,237,14
3251,237,14
3252,237,14
3253,237,14
3254,237,14
3255,237,14
3256,237,14
3257,237,14
3258,237,14
3259,237,14
3260,237,14
3261,237,14
3262,237,14
3263,237,14
3264,237,14
3265,237,14
3266,237,14
3267,237,14
3268,237,14
3269,237,14
3270,237,14
3271,236,14
3272,236,14
3273,236,14
3274,236,14
3275,236,14
3276,236,14
3277,236,14
3278,236,14
3279,236,14
3280,236,14
3281,236,14
3282,236,14
3283,236,14
3284,236,14
3285,236,14
3286,236,14
3287,236,14
3288,236,14
3289,236,14
3290,236,14
3291,236,14
3292,236,14
3293,236,14
3294,236,14
3295,236,14
3296,236,14
3297,236,14
3298,236,14
3299,236,14
3300,236,14
3301,236,14
3302,236,14
3303,236,14
3304,236,14
3305,236,14
3306,236,14
3307,236,14
3308,236,14
3309,236,14
3310,236,14
3311,236,14
3312,236,14
3313,236,14
3314,236,14
3315,236,14
3316,236,14
3317,236,14
3318,236,14
3319,236,14
3320,236,14
3321,236,14
3322,236,14
3323,236,14
3324,235,14
3325,235,14
3326,235,14
3327,235,14
3328,235,14
3329,235,14
3330,235,14
3331,234,14
3332,234,14
3333,234,14
3334,234,14
3335,234,14
3336,234,14
3337,234,14
3338,234,14
3339,234,14
3340,234,14
3341,234,14
3342,233,14
3343,233,14
3344,233,14
3345,233,14
3346,233,14
3347,233,14
3348,233,14
3349,233,14
3350,233,14
3351,233,14
3352,233,14
3353,233,14
3354,233,14
3355,233,14
3356,233,14
3357,233,14
3358,233,14
3359,233,14
3360,233,14
3361,228,14
3362,228,14
3363,228,14
3364,227,14
3365,227,14
3366,227,14
3367,227,14
3368,227,14
3369,227,14
3370,227,14
3371,227,14
3372,227,14
3373,227,14
3374,227,14
3375,227,14
3376,227,14
3377,227,14
3378,226,14
3379,226,14
3380,226,14
3381,226,14
3382,226,14
3383,225,14
3384,225,14
3385,225,14
3386,225,14
3387,225,14
3388,225,14
3389,225,14
3390,225,14
3391,217,14
3392,217,14
3393,217,14
3394,217,14
3395,217,14
3396,217,14
3397,217,14
3398,217,14
3399,217,14
3400,217,14
3401,216,14
3402,216,14
3403,216,14
3404,216,14
3405,216,14
3406,216,14
3407,214,14
3408,214,14
3409,214,14
3410,214,14
3411,214,14
3412,213,14
3413,213,14
3414,213,14
3415,212,14
3416,212,14
3417,212,14
3418,212,14
3419,212,14
3420,212,14
3421,207,14
3422,207,14
3423,206,14
3424,206,14
3425,206,14
3426,206,14
3427,206,14
3428,205,14
3429,205,14
3430,205,14
3431,205,14
3432,205,14
3433,205,14
3434,205,14
3435,205,14
3436,205,14
3437,204,14
3438,204,14
3439,204,14
3440,204,14
3441,204,14
3442,204,14
3443,203,14
3444,203,14
3445,203,14
3446,203,14
3447,203,14
3448,203,14
3449,203,14
3450,203,14
3451,202,14
3452,202,14
3453,202,14
3454,202,14
3455,202,14
3456,202,14
3457,202,14
3458,202,14
3459,202,14
3460,202,14
3461,202,14
3462,201,14
3463,201,14
3464,201,14
3465,201,14
3466,201,14
3467,201,14
3468,201,14
3469,201,14
3470,201,14
3471,201,14
3472,201,14
3473,200,14
3474,200,14
3475,200,14
3476,200,14
3477,200,14
3478,200,14
3479,200,14
3480,200,14
3481,197,14
3482,197,14
3483,197,14
3484,197,14
3485,196,14
3486,196,14
3487,195,14
3488,195,14
3489,195,14
3490,195,14
3491,195,14
3492,195,14
3493,195,14
3494,195,14
3495,195,14
3496,195,14
3497,195,14
3498,194,14
3499,194,14
3500,194,14
3501,194,14
3502,194,14
3503,194,14
3504,194,14
3505,194,14
3506,194,14
3507,194,14
3508,194,14
3509,194,14
3510,194,14
3511,193,14
3512,193,14
3513,192,14
3514,192,14
3515,192,14
3516,192,14
3517,192,14
3518,192,14
3519,192,14
3520,191,14
3521,191,14
3522,191,14
3523,191,14
3524,191,14
3525,191,14
3526,191,14
3527,191,14
3528,191,14
3529,191,14
3530,191,14
3531,190,14
3532,190,14
3533,190,14
3534,190,14
3535,190,14
3536,190,14
3537,190,14
3538,190,14
3539,190,14
3540,190,14
3541,188,14
3542,188,14
3543,188,14
3544,188,14
3545,188,14
3546,188,14
3547,188,14
3548,188,14
3549,188,14
3550,188,14
3551,188,14
3552,188,14
3553,188,14
3554,188,14
3555,188,14
3556,188,14
3557,188,14
3558,188,14
3559,188,14
3560,188,14
3561,188,14
3562,188,14
3563,188,14
3564,188,14
3565,188,14
3566,188,14
3567,188,14
3568,188,14
3569,188,14
3570,188,14
3571,185,14
3572,185,14
3573,185,14
3574,185,14
3575,185,14
3576,185,14
3577,185,14
3578,185,14
3579,185,14
3580,185,14
3581,185,14
3582,185,14
3583,185,14
3584,185,14
3585,185,14
3586,185,14
3587,185,14
3588,185,14
3589,185,14
3590,185,14
3591,185,14
3592,185,14
3593,185,14
3594,185,14
3595,185,14
3596,185,14
3597,185,14
3598,185,14
3599,185,14
3600,185,14
3601,185,14
3602,185,14
3603,185,14
3604,185,14
3605,185,14
3606,185,14
3607,185,14
3608,185,14
3609,185,14
3610,185,14
3611,185,14
3612,185,14
3613,185,14
3614,185,14
3615,185,14
3616,185,14
3617,185,14
3618,185,14
3619,185,14
3620,185,14
3621,185,14
3622,185,14
3623,185,14
3624,185,14
3625,184,14
3626,184,14
3627,184,14
3628,184,14
3629,184,14
3630,184,14
3631,184,14
3632,184,14
3633,184,14
3634,184,14
3635,184,14
3636,184,14
3637,184,14
3638,184,14
3639,184,14
3640,184,14
3641,184,14
3642,184,14
3643,184,14
3644,184,14
3645,184,14
3646,184,14
3647,184,14
3648,184,14
3649,184,14
3650,184,14
3651,184,14
3652,184,14
3653,184,14
3654,183,14
3655,183,14
3656,183,14
3657,183,14
3658,183,14
3659,183,14
3660,183,14
3661,183,14
3662,183,14
3663,183,14
3664,183,14
3665,183,14
3666,183,14
3667,183,14
3668,183,14
3669,183,14
3670,183,14
3671,183,14
3672,183,14
3673,183,14
3674,183,14
3675,183,14
3676,183,14
3677,183,14
3678,183,14
3679,183,14
3680,183,14
3681,183,14
3682,183,14
3683,183,14
3684,183,14
3685,183,14
3686,183,14
3687,183,14
3688,183,14
3689,183,14
3690,183,14
3691,183,14
3692,183,14
3693,183,14
3694,183,14
3695,183,14
3696,183,14
3697,183,14
3698,183,14
3699,183,14
3700,183,14
3701,183,14
3702,183,14
3703,183,14
3704,183,14
3705,183,14
3706,183,14
3707,183,14
3708,183,14
3709,183,14
3710,183,14
3711,182,14
3712,182,14
3713,182,14
3714,182,14
3715,182,14
3716,182,14
3717,182,14
3718,182,14
3719,182,14
3720,182,14
3721,182,14
3722,182,14
3723,182,14
3724,182,14
3725,182,14
3726,182,14
3727,182,14
3728,182,14
3729,182,14
3730,182,14
3731,182,14
3732,182,14
3733,182,14
3734,182,14
3735,182,14
3736,182,14
3737,182,14
3738,182,14
3739,182,14
3740,182,14
3741,182,14
3742,182,14
3743,182,14
3744,182,14
3745,182,14
3746,182,14
3747,182,14
3748,182,14
3749,182,14
3750,182,14
3751,180,14
3752,180,14
3753,180,14
3754,180,14
3755,180,14
3756,180,14
3757,180,14
3758,180,14
3759,180,14
3760,180,14
3761,180,14
3762,180,14
3763,180,14
3764,180,14
3765,180,14
3766,180,14
3767,180,14
3768,180,14
3769,180,14
3770,180,14
3771,180,14
3772,180,14
3773,180,14
3774,180,14
3775,180,14
3776,180,14
3777,180,14
3778,180,14
3779,180,14
3780,180,14
3781,180,14
3782,180,14
3783,180,14
3784,180,14
3785,180,14
3786,180,14
3787,180,14
3788,180,14
3789,180,14
3790,180,14
3791,180,14
3792,180,14
3793,180,14
3794,180,14
3795,180,14
3796,180,14
3797,180,14
3798,180,14
3799,180,14
3800,180,14
3801,180,14
3802,180,14
3803,180,14
3804,180,14
3805,180,14
3806,180,14
3807,180,14
3808,180,14
3809,180,14
3810,180,14
3811,180,14
3812,180,14
3813,180,14
3814,180,14
3815,180,14
3816,180,14
3817,180,14
3818,180,14
3819,180,14
3820,180,14
3821,180,14
3822,180,14
3823,180,14
3824,180,14
3825,180,14
3826,180,14
3827,180,14
3828,179,14
3829,179,14
3830,179,14
3831,179,14
3832,179,14
3833,179,14
3834,179,14
3835,179,14
3836,179,14
3837,178,14
3838,178,14
3839,178,14
3840,178,14
3841,178,14
3842,178,14
3843,178,14
3844,178,14
3845,178,14
3846,178,14
3847,178,14
3848,178,14
3849,178,14
3850,178,14
3851,178,14
3852,178,14
3853,178,14
3854,178,14
3855,178,14
3856,178,14
3857,178,14
3858,178,14
3859,178,14
3860,178,14
3861,178,14
3862,178,14
3863,178,14
3864,178,14
3865,178,14
3866,178,14
3867,178,14
3868,178,14
3869,178,14
3870,178,14
3871,178,14
3872,178,14
3873,178,14
3874,178,14
3875,178,14
3876,178,14
3877,178,14
3878,178,14
3879,178,14
3880,178,14
3881,178,14
3882,178,14
3883,178,14
3884,178,14
3885,178,14
3886,178,14
3887,178,14
3888,178,14
3889,178,14
3890,178,14
3891,178,14
3892,178,14
3893,178,14
3894,178,14
3895,178,14
3896,178,14
3897,178,14
3898,178,14
3899,178,14
3900,178,14
3901,178,14
3902,178,14
3903,178,14
3904,178,14
3905,178,14
3906,178,14
3907,178,14
3908,178,14
3909,178,14
3910,178,14
3911,178,14
3912,178,14
3913,178,14
3914,178,14
3915,178,14
3916,178,14
3917,178,14
3918,178,14
3919,178,14
3920,178,14
3921,178,14
3922,178,14
3923,178,14
3924,178,14
3925,178,14
3926,178,14
3927,178,14
3928,178,14
3929,178,14
3930,178,14
3931,178,14
3932,178,14
3933,178,14
3934,178,14
3935,178,14
3936,178,14
3937,178,14
3938,178,14
3939,178,14
3940,178,14
3941,178,14
3942,178,14
3943,178,14
3944,178,14
3945,178,14
3946,178,14
3947,178,14
3948,178,14
3949,178,14
3950,178,14
3951,178,14
3952,178,14
3953,178,14
3954,178,14
3955,178,14
3956,178,14
3957,178,14
3958,178,14
3959,178,14
3960,178,14
3961,178,14
3962,178,14
3963,178,14
3964,178,14
3965,178,14
3966,178,14
3967,178,14
3968,178,14
3969,178,14
3970,178,14
3971,178,14
3972,178,14
3973,178,14
3974,178,14
3975,178,14
3976,178,14
3977,178,14
3978,178,14
3979,178,14
3980,178,14
3981,178,14
3982,178,14
3983,178,14
3984,178,14
3985,178,14
3986,178,14
3987,178,14
3988,178,14
3989,178,14
3990,178,14
3991,178,14
3992,178,14
3993,178,14
3994,178,14
3995,178,14
3996,178,14
3997,178,14
3998,178,14
3999,178,14
4000,247,17
4001,245,17
4002,242,17
4003,242,17
4004,242,17
4005,242,17
4006,242,17
4007,242,17
4008,242,17
4009,242,17
4010,242,17
4011,241,17
4012,241,17
4013,241,17
4014,240,17
4015,240,17
4016,239,17
4017,239,17
4018,239,17
4019,239,17
4020,239,17
4021,239,17
4022,238,17
4023,238,17
4024,238,17
4025,238,17
4026,238,17
4027,238,17
4028,238,17
4029,238,17
4030,238,17
4031,238,17
4032,238,17
4033,238,17
4034,238,17
4035,238,17
4036,238,17
4037,238,17
4038,238,17
4039,238,17
4040,238,17
4041,238,17
4042,238,17
4043,238,17
4044,238,17
4045,237,17
4046,237,17
4047,236,17
4048,236,17
4049,236,17
4050,236,17
4051,235,17
4052,235,17
4053,234,17
4054,234,17
4055,234,17
4056,234,17
4057,234,17
4058,234,17
4059,234,17
4060,234,17
4061,233,17
4062,233,17
4063,233,17
4064,233,17
4065,233,17
4066,233,17
4067,233,17
4068,232,17
4069,232,17
4070,232,17
4071,232,17
4072,231,17
4073,231,17
4074,231,17
4075,231,17
4076,231,17
4077,231,17
4078,231,17
4079,231,17
4080,231,17
4081,228,17
4082,227,17
4083,227,17
4084,227,17
4085,227,17
4086,227,17
4087,227,17
4088,227,17
4089,227,17
4090,227,17
4091,227,17
4092,227,17
4093,227,17
4094,227,17
4095,227,17
4096,227,17
4097,227,17
4098,227,17
4099,227,17
4100,226,17
4101,226,17
4102,226,17
4103,226,17
4104,226,17
4105,226,17
4106,226,17
4107,226,17
4108,226,17
4109,226,17
4110,226,17
4111,226,17
4112,226,17
4113,226,17
4114,226,17
4115,226,17
4116,226,17
4117,226,17
4118,226,17
4119,226,17
4120,226,17
4121,226,17
4122,226,17
4123,226,17
4124,226,17
4125,226,17
4126,226,17
4127,225,17
4128,225,17
4129,225,17
4130,225,17
4131,225,17
4132,225,17
4133,225,17
4134,225,17
4135,225,17
4136,225,17
4137,225,17
4138,225,17
4139,225,17
4140,225,17
4141,225,17
4142,225,17
4143,225,17
4144,225,17
4145,225,17
4146,225,17
4147,224,17
4148,224,17
4149,224,17
4150,224,17
4151,223,17
4152,223,17
4153,223,17
4154,223,17
4155,223,17
4156,223,17
4157,223,17
4158,223,17
4159,223,17
4160,223,17
4161,223,17
4162,223,17
4163,223,17
4164,223,17
4165,223,17
4166,223,17
4167,223,17
4168,223,17
4169,223,17
4170,223,17
4171,221,17
4172,221,17
4173,221,17
4174,221,17
4175,221,17
4176,221,17
4177,221,17
4178,221,17
4179,221,17
4180,221,17
4181,221,17
4182,221,17
4183,220,17
4184,220,17
4185,220,17
4186,220,17
4187,220,17
4188,220,17
4189,220,17
4190,220,17
4191,220,17
4192,220,17
4193,220,17
4194,220,17
4195,220,17
4196,220,17
4197,220,17
4198,220,17
4199,220,17
4200,220,17
4201,220,17
4202,220,17
4203,220,17
4204,220,17
4205,220,17
4206,220,17
4207,220,17
4208,220,17
4209,220,17
4210,220,17
4211,220,17
4212,220,17
4213,220,17
4214,220,17
4215,220,17
4216,220,17
4217,220,17
4218,220,17
4219,219,17
4220,219,17
4221,219,17
4222,219,17
4223,219,17
4224,219,17
4225,219,17
4226,219,17
4227,219,17
4228,219,17
4229,219,17
4230,219,17
4231,219,17
4232,219,17
4233,219,17
4234,219,17
4235,219,17
4236,219,17
4237,219,17
4238,219,17
4239,219,17
4240,219,17
4241,219,17
4242,219,17
4243,219,17
4244,219,17
4245,219,17
4246,219,17
4247,219,17
4248,219,17
4249,219,17
4250,219,17
4251,219,17
4252,219,17
4253,219,17
4254,219,17
4255,219,17
4256,219,17
4257,219,17
4258,219,17
4259,219,17
4260,219,17
4261,219,17
4262,219,17
4263,219,17
4264,219,17
4265,219,17
4266,219,17
4267,219,17
4268,219,17
4269,219,17
4270,219,17
4271,219,17
4272,219,17
4273,219,17
4274,219,17
4275,219,17
4276,219,17
4277,219,17
4278,219,17
4279,219,17
4280,219,17
4281,219,17
4282,219,17
4283,219,17
4284,219,17
4285,219,17
4286,219,17
4287,219,17
4288,219,17
4289,219,17
4290,219,17
4291,219,17
4292,219,17
4293,219,17
4294,219,17
4295,219,17
4296,219,17
4297,219,17
4298,219,17
4299,219,17
4300,219,17
4301,219,17
4302,219,17
4303,218,17
4304,218,17
4305,217,17
4306,217,17
4307,217,17
4308,217,17
4309,217,17
4310,217,17
4311,217,17
4312,217,17
4313,217,17
4314,217,17
4315,217,17
4316,217,17
4317,217,17
4318,217,17
4319,217,17
4320,217,17
4321,217,17
4322,217,17
4323,217,17
4324,217,17
4325,217,17
4326,217,17
4327,217,17
4328,217,17
4329,217,17
4330,217,17
4331,217,17
4332,217,17
4333,217,17
4334,217,17
4335,216,17
4336,216,17
4337,216,17
4338,216,17
4339,216,17
4340,216,17
4341,216,17
4342,216,17
4343,216,17
4344,216,17
4345,216,17
4346,216,17
4347,216,17
4348,216,17
4349,216,17
4350,216,17
4351,216,17
4352,216,17
4353,216,17
4354,216,17
4355,216,17
4356,216,17
4357,216,17
4358,216,17
4359,216,17
4360,216,17
4361,216,17
4362,216,17
4363,216,17
4364,215,17
4365,215,17
4366,215,17
4367,215,17
4368,215,17
4369,214,17
4370,214,17
4371,214,17
4372,214,17
4373,214,17
4374,214,17
4375,214,17
4376,214,17
4377,214,17
4378,214,17
4379,214,17
4380,214,17
4381,214,17
4382,214,17
4383,214,17
4384,214,17
4385,214,17
4386,214,17
4387,214,17
4388,214,17
4389,214,17
4390,214,17
4391,214,17
4392,214,17
4393,214,17
4394,214,17
4395,214,17
4396,214,17
4397,214,17
4398,214,17
4399,214,17
4400,214,17
4401,214,17
4402,214,17
4403,214,17
4404,214,17
4405,214,17
4406,214,17
4407,214,17
4408,214,17
4409,214,17
4410,214,17
4411,214,17
4412,214,17
4413,214,17
4414,214,17
4415,214,17
4416,214,17
4417,214,17
4418,214,17
4419,214,17
4420,214,17
4421,214,17
4422,214,17
4423,214,17
4424,214,17
4425,214,17
4426,214,17
4427,214,17
4428,214,17
4429,214,17
4430,214,17
4431,214,17
4432,214,17
4433,214,17
4434,214,17
4435,214,17
4436,214,17
4437,214,17
4438,214,17
4439,214,17
4440,214,17
4441,214,17
4442,214,17
4443,214,17
4444,214,17
4445,214,17
4446,214,17
4447,214,17
4448,214,17
4449,214,17
4450,214,17
4451,214,17
4452,214,17
4453,214,17
4454,214,17
4455,214,17
4456,214,17
4457,214,17
4458,214,17
4459,214,17
4460,214,17
4461,214,17
4462,214,17
4463,214,17
4464,214,17
4465,214,17
4466,214,17
4467,214,17
4468,214,17
4469,214,17
4470,214,17
4471,214,17
4472,214,17
4473,214,17
4474,213,17
4475,213,17
4476,213,17
4477,213,17
4478,213,17
4479,213,17
4480,212,17
4481,212,17
4482,212,17
4483,212,17
4484,212,17
4485,212,17
4486,212,17
4487,212,17
4488,212,17
4489,212,17
4490,212,17
4491,212,17
4492,212,17
4493,212,17
4494,212,17
4495,212,17
4496,212,17
4497,212,17
4498,212,17
4499,212,17
4500,212,17
4501,212,17
4502,212,17
4503,212,17
4504,212,17
4505,212,17
4506,212,17
4507,212,17
4508,212,17
4509,212,17
4510,212,17
4511,212,17
4512,211,17
4513,211,17
4514,211,17
4515,211,17
4516,211,17
4517,210,17
4518,210,17
4519,210,17
4520,210,17
4521,210,17
4522,210,17
4523,210,17
4524,210,17
4525,210,17
4526,210,17
4527,210,17
4528,210,17
4529,210,17
4530,210,17
4531,209,17
4532,209,17
4533,209,17
4534,209,17
4535,209,17
4536,209,17
4537,209,17
4538,209,17
4539,209,17
4540,209,17
4541,209,17
4542,209,17
4543,209,17
4544,208,17
4545,208,17
4546,208,17
4547,208,17
4548,208,17
4549,208,17
4550,208,17
4551,208,17
4552,208,17
4553,208,17
4554,208,17
4555,208,17
4556,208,17
4557,208,17
4558,208,17
4559,208,17
4560,208,17
4561,206,17
4562,206,17
4563,206,17
4564,206,17
4565,206,17
4566,206,17
4567,206,17
4568,206,17
4569,206,17
4570,206,17
4571,206,17
4572,206,17
4573,206,17
4574,206,17
4575,206,17
4576,206,17
4577,206,17
4578,206,17
4579,206,17
4580,206,17
4581,206,17
4582,206,17
4583,206,17
4584,206,17
4585,206,17
4586,206,17
4587,206,17
4588,206,17
4589,206,17
4590,206,17
4591,205,17
4592,205,17
4593,205,17
4594,205,17
4595,205,17
4596,205,17
4597,205,17
4598,205,17
4599,205,17
4600,205,17
4601,205,17
4602,205,17
4603,205,17
4604,205,17
4605,205,17
4606,205,17
4607,205,17
4608,205,17
4609,205,17
4610,205,17
4611,205,17
4612,205,17
4613,205,17
4614,205,17
4615,205,17
4616,205,17
4617,205,17
4618,205,17
4619,205,17
4620,205,17
4621,204,17
4622,204,17
4623,204,17
4624,204,17
4625,204,17
4626,204,17
4627,204,17
4628,204,17
4629,204,17
4630,204,17
4631,203,17
4632,203,17
4633,203,17
4634,203,17
4635,203,17
4636,203,17
4637,203,17
4638,203,17
4639,203,17
4640,203,17
4641,203,17
4642,203,17
4643,203,17
4644,203,17
4645,203,17
4646,202,17
4647,202,17
4648,202,17
4649,202,17
4650,202,17
4651,200,17
4652,200,17
4653,200,17
4654,200,17
4655,200,17
4656,200,17
4657,200,17
4658,200,17
4659,200,17
4660,200,17
4661,200,17
4662,199,17
4663,199,17
4664,198,17
4665,198,17
4666,198,17
4667,198,17
4668,198,17
4669,198,17
4670,198,17
4671,198,17
4672,198,17
4673,198,17
4674,198,17
4675,198,17
4676,198,17
4677,198,17
4678,198,17
4679,198,17
4680,198,17
4681,198,17
4682,198,17
4683,198,17
4684,198,17
4685,198,17
4686,198,17
4687,198,17
4688,198,17
4689,198,17
4690,198,17
4691,198,17
4692,198,17
4693,198,17
4694,197,17
4695,197,17
4696,197,17
4697,197,17
4698,197,17
4699,197,17
4700,197,17
4701,197,17
4702,197,17
4703,197,17
4704,197,17
4705,197,17
4706,197,17
4707,197,17
4708,197,17
4709,197,17
4710,197,17
4711,196,17
4712,196,17
4713,196,17
4714,195,17
4715,195,17
4716,195,17
4717,195,17
4718,195,17
4719,195,17
4720,195,17
4721,195,17
4722,195,17
4723,195,17
4724,195,17
4725,195,17
4726,195,17
4727,195,17
4728,195,17
4729,194,17
4730,194,17
4731,194,17
4732,194,17
4733,194,17
4734,194,17
4735,194,17
4736,194,17
4737,194,17
4738,194,17
4739,194,17
4740,194,17
4741,192,17
4742,192,17
4743,192,17
4744,192,17
4745,192,17
4746,192,17
4747,192,17
4748,192,17
4749,192,17
4750,192,17
4751,192,17
4752,192,17
4753,192,17
4754,192,17
4755,192,17
4756,192,17
4757,192,17
4758,192,17
4759,192,17
4760,192,17
4761,192,17
4762,192,17
4763,192,17
4764,192,17
4765,192,17
4766,192,17
4767,192,17
4768,192,17
4769,192,17
4770,192,17
4771,191,17
4772,191,17
4773,191,17
4774,191,17
4775,191,17
4776,191,17
4777,191,17
4778,191,17
4779,191,17
4780,191,17
4781,190,17
4782,190,17
4783,190,17
4784,190,17
4785,190,17
4786,190,17
4787,190,17
4788,190,17
4789,190,17
4790,190,17
4791,190,17
4792,190,17
4793,190,17
4794,190,17
4795,190,17
4796,190,17
4797,190,17
4798,190,17
4799,190,17
4800,190,17
4801,189,17
4802,188,17
4803,188,17
4804,188,17
4805,188,17
4806,188,17
4807,188,17
4808,188,17
4809,188,17
4810,188,17
4811,188,17
4812,188,17
4813,188,17
4814,188,17
4815,188,17
4816,188,17
4817,188,17
4818,187,17
4819,187,17
4820,187,17
4821,187,17
4822,186,17
4823,186,17
4824,186,17
4825,186,17
4826,186,17
4827,186,17
4828,186,17
4829,186,17
4830,186,17
4831,186,17
4832,186,17
4833,186,17
4834,186,17
4835,186,17
4836,186,17
4837,186,17
4838,186,17
4839,186,17
4840,186,17
4841,185,17
4842,185,17
4843,185,17
4844,185,17
4845,185,17
4846,185,17
4847,185,17
4848,185,17
4849,185,17
4850,185,17
4851,185,17
4852,185,17
4853,185,17
4854,184,17
4855,184,17
4856,184,17
4857,184,17
4858,184,17
4859,184,17
4860,184,17
4861,183,17
4862,182,17
4863,182,17
4864,182,17
4865,182,17
4866,182,17
4867,182,17
4868,182,17
4869,182,17
4870,182,17
4871,182,17
4872,182,17
4873,182,17
4874,182,17
4875,182,17
4876,182,17
4877,182,17
4878,182,17
4879,182,17
4880,182,17
4881,182,17
4882,182,17
4883,182,17
4884,182,17
4885,182,17
4886,182,17
4887,182,17
4888,182,17
4889,182,17
4890,182,17
4891,181,17
4892,181,17
4893,181,17
4894,181,17
4895,181,17
4896,181,17
4897,181,17
4898,181,17
4899,181,17
4900,181,17
4901,181,17
4902,181,17
4903,181,17
4904,181,17
4905,181,17
4906,181,17
4907,181,17
4908,181,17
4909,181,17
4910,181,17
4911,181,17
4912,181,17
4913,181,17
4914,181,17
4915,181,17
4916,181,17
4917,181,17
4918,181,17
4919,181,17
4920,181,17
4921,180,17
4922,180,17
4923,180,17
4924,180,17
4925,180,17
4926,180,17
4927,180,17
4928,180,17
4929,180,17
4930,180,17
4931,180,17
4932,180,17
4933,180,17
4934,180,17
4935,180,17
4936,180,17
4937,180,17
4938,180,17
4939,180,17
4940,180,17
4941,180,17
4942,180,17
4943,180,17
4944,180,17
4945,180,17
4946,180,17
4947,180,17
4948,180,17
4949,180,17
4950,180,17
4951,180,17
4952,180,17
4953,180,17
4954,180,17
4955,180,17
4956,180,17
4957,180,17
4958,180,17
4959,180,17
4960,180,17
4961,180,17
4962,180,17
4963,180,17
4964,180,17
4965,180,17
4966,180,17
4967,180,17
4968,180,17
4969,180,17
4970,180,17
4971,180,17
4972,180,17
4973,180,17
4974,180,17
4975,180,17
4976,180,17
4977,180,17
4978,180,17
4979,180,17
4980,180,17
4981,180,17
4982,180,17
4983,180,17
4984,180,17
4985,180,17
4986,180,17
4987,180,17
4988,180,17
4989,180,17
4990,180,17
4991,180,17
4992,180,17
4993,180,17
4994,180,17
4995,180,17
4996,180,17
4997,180,17
4998,180,17
4999,180,17
5000,229,22
